Pergunta,Resposta
Me explique sobre o que é nacionalidade e como eu posso perder a nacionalidade Brasileira,"

Nacionalidade é o vínculo jurídico que liga uma pessoa a um determinado Estado, conferindo a ela direitos e deveres em relação a esse país. A nacionalidade é um elemento importante da identidade de uma pessoa, pois define sua cidadania e seu pertencimento a uma comunidade.

No Brasil, a nacionalidade pode ser adquirida de duas formas: por nascimento ou por naturalização. A nacionalidade brasileira é conferida automaticamente para aqueles que nascem em território brasileiro, independentemente da nacionalidade dos pais. Além disso, filhos de pais brasileiros nascidos no exterior também possuem a nacionalidade brasileira.

Já a naturalização é o processo pelo qual um estrangeiro pode adquirir a nacionalidade brasileira, desde que cumpra alguns requisitos, como residência no país por um determinado período e comprovação de meios de subsistência.

No entanto, a nacionalidade brasileira pode ser perdida em algumas situações, como:

- Renúncia: quando a pessoa manifesta expressamente sua vontade de renunciar à nacionalidade brasileira;
- Aquisição de outra nacionalidade: caso a pessoa adquira outra nacionalidade, perderá automaticamente a brasileira;
- Condenação por crime contra a segurança nacional: em casos de condenação por crime contra a segurança nacional, a nacionalidade brasileira poderá ser suspensa ou cassada;
- Serviço militar em país estrangeiro: a prestação de serviço militar em país estrangeiro sem autorização do governo brasileiro também pode levar à perda da nacionalidade brasileira.

Em todos esses casos, a perda da nacionalidade brasileira deve ser devidamente comunicada às autoridades competentes, como o Ministério da Justiça e o Registro Civil.

Por fim, é importante ressaltar que, segundo a Constituição Federal, a perda da nacionalidade brasileira não implica na perda da cidadania, ou seja, a pessoa ainda será considerada cidadã brasileira, mesmo sem possuir a nacionalidade brasileira. "
